[
    {
        "name" : "HTML",
        "description" : "I learnt to use HTML",
        "image" : "HTML.jpg"
    },
    {
        "name" : "Java",
        "description" : "I made a drink order system.",
        "image" : "Java.jpg"
    },
    {
        "name" : "Python",
        "description" : "Did some data structures and algorithms.",
        "image" : "Python.jpg"
    },
    {
        "name" : "CSS",
        "description" : "I learnt to use CSS",
        "image" : "CSS.jpg"
    },
    {
        "name" : "JavaScript",
        "description" : "I learnt to use JavaScript",
        "image" : "JavaScript.jpg"
    }
]